{"val_accuracy": 0.9689000248908997, "val_precision": 0.9752986431121826, "val_recall": 0.9634000062942505}